season,week,team,full_name,position,report_status
2026,1,ARI,Garrett Williams,CB,Out
2026,1,ARI,Isaiah Adams,G,Out
2026,1,ARI,Dadrion Taylor-Demerson,S,Out
2026,1,ARI,Jeremiyah Love,RB,Questionable
2026,1,ATL,Za'Darius Smith,DE,Questionable
2026,1,ATL,Tua Tagovailoa,QB,Out
2026,1,ATL,Michael Penix Jr.,QB,Out
2026,1,ATL,Billy Bowman Jr.,CB,Out
2026,1,ATL,Cameron Williams,T,Out
2026,1,BAL,Nnamdi Madubuike,DT,Out
2026,1,BAL,Devontez Walker,WR,Questionable
2026,1,BAL,Teddye Buchanan,LB,Out
2026,1,BUF,Ty Johnson,RB,Questionable
2026,1,BUF,Jordan Hancock,CB,Questionable
2026,1,BUF,T.J. Sanders,DE,Questionable
2026,1,CAR,Patrick Jones II,LB,Out
2026,1,CHI,Xavier Woods,S,Questionable
2026,1,CHI,Tyson Bagent,QB,Questionable
2026,1,CHI,Rome Odunze,WR,Questionable
2026,1,CHI,Ozzy Trapilo,T,Questionable
2026,1,CIN,Shemar Stewart,DE,Doubtful
2026,1,CLE,Teven Jenkins,G,Out
2026,1,CLE,Parker Brailsford,C,Questionable
2026,1,DAL,Malik Davis,RB,Out
2026,1,DET,Christian Izien,S,Questionable
2026,1,GB,Aaron Banks,G,Questionable
2026,1,GB,Zach Bako-Bewele,T,Questionable
2026,1,GB,Ty'Ron Hopper,LB,Questionable
2026,1,GB,Warren Brinson,DT,Out
2026,1,IND,Austin Ajiake,LB,Out
2026,1,JAX,LeQuint Allen Jr.,RB,Questionable
2026,1,KC,Chamarri Conner,S,Out
2026,1,KC,Josh Simmons,T,Out
2026,1,LA,Aaron Donald,DE,Out
2026,1,LAC,Deane Leonard,CB,Out
2026,1,LAC,Tuli Tuipulotu,DE,Questionable
2026,1,LV,Brock Bowers,TE,Out
2026,1,NE,Ben Brown,C,Out
2026,1,NE,TreVeyon Henderson,RB,Out
2026,1,NO,Cameron Jordan,LB,Out
2026,1,NO,Alvin Kamara,RB,Questionable
2026,1,NO,Audric Estimé,RB,Out
2026,1,NO,Oscar Delp,TE,Out
2026,1,NYG,Malik Nabers,WR,Questionable
2026,1,NYJ,Tim Patrick,WR,Out
2026,1,NYJ,Kene Nwangwu,RB,Doubtful
2026,1,NYJ,Joseph Ossai,DE,Out
2026,1,NYJ,D'Angelo Ponds,CB,Doubtful
2026,1,PHI,Jonathan Greenard,LB,Out
2026,1,PHI,Eli Stowers,TE,Out
2026,1,PIT,Joey Porter Jr.,CB,Questionable
2026,1,SEA,Ty Okada,S,Out
2026,1,SEA,Tory Horton,WR,Questionable
2026,1,SEA,Nick Emmanwori,S,Questionable
2026,1,SF,Alfred Collins,DT,Out
2026,1,SF,James Thompson Jr.,DT,Questionable
2026,1,TB,Justin Skule,T,Doubtful
2026,1,TB,Christian Rozeboom,LB,Questionable
2026,1,TB,Sean Tucker,RB,Doubtful
2026,1,TB,Jalen McMillan,WR,Doubtful
2026,1,TEN,Cedric Gray,LB,Out
2026,2,ARI,Isaac Seumalo,G,Questionable
2026,2,ARI,Andrew Billings,DT,Questionable
2026,2,ARI,Roy Lopez,DT,Questionable
2026,2,ARI,Garrett Williams,CB,Out
2026,2,ARI,Max Melton,CB,Questionable
2026,2,ARI,Isaiah Adams,G,Questionable
2026,2,ARI,Dadrion Taylor-Demerson,S,Questionable
2026,2,ATL,Chris Lindstrom,G,Questionable
2026,2,ATL,Tua Tagovailoa,QB,Doubtful
2026,2,ATL,A.J. Terrell,CB,Questionable
2026,2,ATL,Michael Penix Jr.,QB,Out
2026,2,ATL,Billy Bowman Jr.,CB,Out
2026,2,BAL,Ronnie Stanley,T,Questionable
2026,2,BAL,Trey Hendrickson,LB,Questionable
2026,2,BAL,Nnamdi Madubuike,DT,Out
2026,2,BAL,John Simpson,G,Questionable
2026,2,BAL,Zay Flowers,WR,Doubtful
2026,2,BAL,T.J. Tampa,CB,Out
2026,2,BAL,Teddye Buchanan,LB,Out
2026,2,BUF,Ty Johnson,RB,Questionable
2026,2,BUF,Cole Bishop,S,Questionable
2026,2,BUF,T.J. Sanders,DE,Questionable
2026,2,CAR,Bobby Brown III,DT,Out
2026,2,CAR,Patrick Jones II,LB,Questionable
2026,2,CIN,B.J. Hill,DT,Questionable
2026,2,CIN,Joe Burrow,QB,Questionable
2026,2,CLE,Noah Igbinoghene,CB,Questionable
2026,2,CLE,Teven Jenkins,G,Out
2026,2,CLE,Tyson Campbell,CB,Questionable
2026,2,DAL,Malik Hooker,S,Out
2026,2,DAL,DeMarvion Overshown,LB,Out
2026,2,DEN,Marvin Mims Jr.,WR,Out
2026,2,DEN,RJ Harvey,RB,Questionable
2026,2,DET,D.J. Reed,CB,Questionable
2026,2,DET,Christian Mahogany,G,Out
2026,2,DET,Blake Miller,T,Out
2026,2,GB,Javon Hargrave,DT,Doubtful
2026,2,GB,Aaron Banks,G,Questionable
2026,2,GB,Benjamin St-Juste,CB,Questionable
2026,2,GB,Zach Bako-Bewele,T,Questionable
2026,2,GB,Lukas Van Ness,LB,Questionable
2026,2,GB,Warren Brinson,DT,Out
2026,2,HOU,Jadeveon Clowney,DE,Out
2026,2,HOU,Nico Collins,WR,Out
2026,2,HOU,Jacob Hummel,LB,Out
2026,2,HOU,Ed Ingram,G,Out
2026,2,IND,Ashton Dulin,WR,Out
2026,2,IND,DJ Giddens,RB,Questionable
2026,2,KC,Chris Jones,DT,Questionable
2026,2,KC,Chamarri Conner,S,Out
2026,2,KC,Josh Simmons,T,Out
2026,2,KC,Mansoor Delane,CB,Questionable
2026,2,LA,Puka Nacua,WR,Questionable
2026,2,LA,Jordan Whittington,WR,Doubtful
2026,2,LA,Kamren Kinchens,S,Out
2026,2,LAC,Trey Pipkins,T,Out
2026,2,LAC,Elijah Molden,S,Out
2026,2,LAC,Deane Leonard,CB,Questionable
2026,2,LAC,Ladd McConkey,WR,Questionable
2026,2,LV,Aidan O'Connell,QB,Questionable
2026,2,LV,Brock Bowers,TE,Doubtful
2026,2,LV,Darien Porter,CB,Out
2026,2,MIA,Ronnie Harrison,LB,Out
2026,2,MIA,Tucker Addington,LS,Questionable
2026,2,MIA,Chop Robinson,LB,Out
2026,2,MIN,Brian O'Neill,T,Questionable
2026,2,MIN,Kyler Murray,QB,Out
2026,2,MIN,Jauan Jennings,WR,Out
2026,2,NE,Carlton Davis III,CB,Out
2026,2,NE,Dre'Mont Jones,LB,Questionable
2026,2,NE,Ben Brown,C,Questionable
2026,2,NE,Dametrious Crownover,T,Out
2026,2,NO,Zach Wood,LS,Out
2026,2,NO,Chase Young,LB,Questionable
2026,2,NO,Chris Olave,WR,Questionable
2026,2,NO,Isaiah Stalbird,LB,Doubtful
2026,2,NO,Christen Miller,DT,Questionable
2026,2,NYG,Micah McFadden,LB,Questionable
2026,2,NYG,Deonte Banks,CB,Questionable
2026,2,NYJ,Minkah Fitzpatrick,S,Out
2026,2,NYJ,Kene Nwangwu,RB,Out
2026,2,NYJ,Joseph Ossai,DE,Out
2026,2,NYJ,Will McDonald IV,DE,Questionable
2026,2,NYJ,Omar Cooper Jr.,WR,Out
2026,2,PHI,Jonathan Greenard,LB,Out
2026,2,PHI,Andrew Mukuba,S,Questionable
2026,2,PIT,Michael Pittman,WR,Questionable
2026,2,PIT,Joey Porter Jr.,CB,Out
2026,2,PIT,Troy Fautanu,T,Questionable
2026,2,SEA,Sam Darnold,QB,Out
2026,2,SEA,Ty Okada,S,Out
2026,2,SEA,Anthony Bradford,G,Out
2026,2,SEA,Nick Emmanwori,S,Questionable
2026,2,SF,Eddy Pineiro,K,Questionable
2026,2,SF,De'Zhaun Stribling,WR,Out
2026,2,SF,Kaelon Black,RB,Questionable
2026,2,TB,Miles Killebrew,S,Questionable
2026,2,TB,Jalen McMillan,WR,Questionable
2026,2,TB,Jacob Parrish,CB,Questionable
2026,2,TEN,Cordale Flott,CB,Questionable
2026,2,TEN,James Williams,LB,Questionable
2026,2,TEN,Cedric Gray,LB,Questionable
2026,2,WAS,Frankie Luvu,LB,Out
2026,2,WAS,Javon Kinlaw,DT,Questionable
2026,2,WAS,Chig Okonkwo,TE,Out
2026,3,ARI,Roy Lopez,DT,Questionable
2026,3,ARI,Max Melton,CB,Questionable
2026,3,ARI,Dadrion Taylor-Demerson,S,Out
2026,3,ATL,Samson Ebukam,DE,Out
2026,3,ATL,Billy Bowman Jr.,CB,Questionable
2026,3,BAL,Ronnie Stanley,T,Out
2026,3,BAL,Zay Flowers,WR,Questionable
2026,3,BUF,DJ Moore,WR,Questionable
2026,3,BUF,Ed Oliver,DT,Questionable
2026,3,BUF,Keon Coleman,WR,Questionable
2026,3,BUF,Jordan Hancock,CB,Out
2026,3,BUF,T.J. Sanders,DE,Out
2026,3,BUF,Ar'maj Reed-Adams,G,Questionable
2026,3,CAR,Nick Scott,S,Out
2026,3,CAR,Devin Lloyd,LB,Out
2026,3,CAR,Claudin Cherelus,LB,Out
2026,3,CAR,Xavier Legette,WR,Questionable
2026,3,CAR,Jalen Coker,WR,Questionable
2026,3,CHI,Noah Sewell,LB,Out
2026,3,CHI,Tyson Bagent,QB,Questionable
2026,3,CHI,Caleb Williams,QB,Out
2026,3,CHI,Shemar Turner,DE,Out
2026,3,CIN,B.J. Hill,DT,Doubtful
2026,3,CIN,Andrei Iosivas,WR,Out
2026,3,CLE,Grant Delpit,S,Questionable
2026,3,CLE,Teven Jenkins,G,Out
2026,3,CLE,Tyson Campbell,CB,Questionable
2026,3,DAL,Malik Hooker,S,Out
2026,3,DAL,P.J. Locke,S,Out
2026,3,DAL,Cobie Durant,CB,Out
2026,3,DAL,DeMarvion Overshown,LB,Out
2026,3,DEN,Marvin Mims Jr.,WR,Questionable
2026,3,DEN,Jonah Coleman,RB,Out
2026,3,DET,Ben Bartch,G,Out
2026,3,DET,Thomas Harper,S,Out
2026,3,GB,Javon Hargrave,DT,Questionable
2026,3,GB,Aaron Banks,G,Out
2026,3,GB,Zach Bako-Bewele,T,Out
2026,3,GB,Jayden Reed,WR,Out
2026,3,GB,Warren Brinson,DT,Out
2026,3,GB,Anthony Campbell,DT,Questionable
2026,3,HOU,Jadeveon Clowney,DE,Out
2026,3,HOU,Trent Brown,T,Questionable
2026,3,HOU,M.J. Stewart,S,Out
2026,3,HOU,Nico Collins,WR,Out
2026,3,HOU,Jacob Hummel,LB,Out
2026,3,HOU,Ed Ingram,G,Out
2026,3,IND,Charvarius Ward,CB,Questionable
2026,3,IND,Ashton Dulin,WR,Out
2026,3,IND,Alec Pierce,WR,Out
2026,3,JAX,Albert Regis,DT,Doubtful
2026,3,KC,Chamarri Conner,S,Doubtful
2026,3,KC,Josh Simmons,T,Out
2026,3,LA,Colby Parkinson,TE,Questionable
2026,3,LA,Puka Nacua,WR,Doubtful
2026,3,LA,Kamren Kinchens,S,Doubtful
2026,3,LAC,Dalvin Tomlinson,DT,Out
2026,3,LAC,Trey Pipkins,T,Out
2026,3,LAC,Kayode Awosika,G,Out
2026,3,LAC,Elijah Molden,S,Out
2026,3,LAC,Trey Lance,QB,Questionable
2026,3,LAC,Charlie Kolar,TE,Out
2026,3,LAC,Rodney Shelley,CB,Questionable
2026,3,LAC,Brenen Thompson,WR,Out
2026,3,LV,Kwity Paye,DE,Questionable
2026,3,LV,Aidan O'Connell,QB,Questionable
2026,3,LV,Brock Bowers,TE,Questionable
2026,3,LV,Treydan Stukes,S,Out
2026,3,MIA,Rob Beal Jr.,DE,Out
2026,3,MIA,Ryan Miller,WR,Questionable
2026,3,MIA,Julius Brents,CB,Questionable
2026,3,MIA,Jaylen Wright,RB,Doubtful
2026,3,MIA,Caleb Douglas,WR,Out
2026,3,MIN,Nick Samac,C,Out
2026,3,MIN,Brett Thorson,P,Out
2026,3,NE,Dre'Mont Jones,LB,Out
2026,3,NE,Brenden Schooler,S,Out
2026,3,NE,Craig Woodson,S,Questionable
2026,3,NE,Eli Raridon,TE,Questionable
2026,3,NE,Quintayvious Hutchins,LB,Out
2026,3,NO,Martin Emerson,CB,Questionable
2026,3,NO,Barion Brown,WR,Out
2026,3,NO,Christen Miller,DT,Out
2026,3,NYG,Brian Burns,LB,Questionable
2026,3,NYG,Deonte Banks,CB,Questionable
2026,3,NYG,Tyler Nubin,S,Questionable
2026,3,NYJ,Minkah Fitzpatrick,S,Out
2026,3,NYJ,Kene Nwangwu,RB,Doubtful
2026,3,NYJ,Joseph Ossai,DE,Questionable
2026,3,NYJ,Adonai Mitchell,WR,Questionable
2026,3,NYJ,Francisco Mauigoa,LB,Out
2026,3,NYJ,Mason Taylor,TE,Out
2026,3,PHI,Dallas Goedert,TE,Out
2026,3,PHI,Fred Johnson,T,Out
2026,3,PHI,Marquise Brown,WR,Out
2026,3,PHI,Jonathan Greenard,LB,Questionable
2026,3,PIT,Jamel Dean,CB,Questionable
2026,3,PIT,Rico Dowdle,RB,Out
2026,3,PIT,Michael Pittman,WR,Questionable
2026,3,PIT,Jaylen Warren,RB,Questionable
2026,3,PIT,Joey Porter Jr.,CB,Questionable
2026,3,PIT,Gennings Dunker,G,Out
2026,3,SEA,Julian Love,S,Out
2026,3,SEA,Brandon Pili,DT,Questionable
2026,3,SEA,Ty Okada,S,Out
2026,3,SF,Mike Evans,WR,Questionable
2026,3,SF,Demarcus Robinson,WR,Out
2026,3,SF,Nick Bosa,DE,Out
2026,3,SF,James Thompson Jr.,DT,Out
2026,3,SF,Romello Height,DE,Out
2026,3,TB,Rueben Bain Jr.,LB,Out
2026,3,TB,Josiah Trotter,LB,Out
2026,3,TEN,Cordale Flott,CB,Questionable
2026,3,TEN,Tyjae Spears,RB,Questionable
2026,3,WAS,Frankie Luvu,LB,Out
2026,3,WAS,Sam Cosmi,G,Out
2026,3,WAS,Nick Cross,S,Out
2026,3,WAS,Chig Okonkwo,TE,Out
2026,3,WAS,Jayden Daniels,QB,Out
2026,4,ARI,Josh Sweat,LB,Questionable
2026,4,ARI,Dadrion Taylor-Demerson,S,Out
2026,4,ATL,Samson Ebukam,DE,Questionable
2026,4,ATL,Divine Deablo,LB,Questionable
2026,4,ATL,Yasir Abdullah,LB,Questionable
2026,4,BAL,Chris Moore,WR,Questionable
2026,4,BAL,Ronnie Stanley,T,Questionable
2026,4,BAL,Ethan Pocic,C,Out
2026,4,BAL,Trey Hendrickson,LB,Out
2026,4,BAL,Jovaughn Gwyn,C,Out
2026,4,BAL,Zay Flowers,WR,Questionable
2026,4,BUF,Christian Benford,CB,Questionable
2026,4,BUF,Ray Davis,RB,Questionable
2026,4,BUF,T.J. Sanders,DE,Doubtful
2026,4,CAR,Damien Lewis,G,Out
2026,4,CAR,Xavier Legette,WR,Out
2026,4,CAR,Jalen Coker,WR,Questionable
2026,4,CAR,Cam Jackson,DT,Questionable
2026,4,CAR,Monroe Freeling,T,Questionable
2026,4,CAR,Lee Hunter,DT,Questionable
2026,4,CHI,Cam Lewis,S,Doubtful
2026,4,CHI,Braxton Jones,T,Out
2026,4,CHI,Kyler Gordon,CB,Out
2026,4,CHI,Noah Sewell,LB,Out
2026,4,CHI,Caleb Williams,QB,Out
2026,4,CHI,Shemar Turner,DE,Out
2026,4,CIN,B.J. Hill,DT,Questionable
2026,4,CIN,Dalton Risner,G,Questionable
2026,4,CIN,Kyle Dugger,S,Out
2026,4,CIN,Bryan Cook,S,Questionable
2026,4,CIN,Swayze Bozeman,LB,Questionable
2026,4,CIN,Colbie Young,WR,Out
2026,4,CLE,Elgton Jenkins,C,Out
2026,4,CLE,Tylan Wallace,WR,Out
2026,4,CLE,Teven Jenkins,G,Out
2026,4,DAL,Cobie Durant,CB,Out
2026,4,DAL,DeMarvion Overshown,LB,Out
2026,4,DEN,Dondrea Tillman,LB,Out
2026,4,DET,D.J. Reed,CB,Questionable
2026,4,DET,Ben Bartch,G,Out
2026,4,GB,Aaron Banks,G,Out
2026,4,GB,Jacob Monk,C,Out
2026,4,GB,Edgerrin Cooper,LB,Questionable
2026,4,GB,Warren Brinson,DT,Out
2026,4,GB,Anthony Campbell,DT,Out
2026,4,GB,Jager Burton,C,Questionable
2026,4,HOU,Jadeveon Clowney,DE,Questionable
2026,4,HOU,M.J. Stewart,S,Out
2026,4,HOU,Azeez Al-Shaair,LB,Out
2026,4,HOU,Jake Hansen,LB,Questionable
2026,4,HOU,Logan Hall,DE,Questionable
2026,4,HOU,Ed Ingram,G,Questionable
2026,4,IND,Keenan Allen,WR,Questionable
2026,4,IND,Ashton Dulin,WR,Questionable
2026,4,JAX,Montaric Brown,CB,Questionable
2026,4,JAX,Christian Braswell,CB,Questionable
2026,4,JAX,Albert Regis,DT,Questionable
2026,4,KC,Josh Simmons,T,Out
2026,4,LA,Aaron Donald,DT,Out
2026,4,LA,Colby Parkinson,TE,Questionable
2026,4,LA,Jaylen Watson,CB,Out
2026,4,LA,Josaiah Stewart,LB,Questionable
2026,4,LA,Terrance Ferguson,TE,Out
2026,4,LAC,Dalvin Tomlinson,DT,Out
2026,4,LAC,Donte Jackson,CB,Questionable
2026,4,LAC,Derwin James,S,Questionable
2026,4,LAC,Kayode Awosika,G,Out
2026,4,LAC,Elijah Molden,S,Questionable
2026,4,LAC,Trey Lance,QB,Questionable
2026,4,LAC,Charlie Kolar,TE,Out
2026,4,LAC,Ladd McConkey,WR,Questionable
2026,4,LAC,Brenen Thompson,WR,Out
2026,4,LV,Aidan O'Connell,QB,Questionable
2026,4,LV,Jackson Powers-Johnson,G,Out
2026,4,MIA,Rob Beal Jr.,LB,Out
2026,4,MIA,Storm Duck,CB,Out
2026,4,MIA,Caleb Douglas,WR,Out
2026,4,MIN,Justin Jefferson,WR,Out
2026,4,MIN,Charles Demmings,CB,Out
2026,4,MIN,Brett Thorson,P,Out
2026,4,NE,Morgan Moses,T,Questionable
2026,4,NE,Dre'Mont Jones,LB,Questionable
2026,4,NE,Reggie Gilliam,FB,Questionable
2026,4,NE,Christian Elliss,LB,Questionable
2026,4,NE,Christian Barmore,DT,Out
2026,4,NE,Brenden Schooler,S,Out
2026,4,NE,Christian Gonzalez,CB,Out
2026,4,NE,Craig Woodson,S,Questionable
2026,4,NE,Channing Canada,CB,Questionable
2026,4,NE,Eli Raridon,TE,Questionable
2026,4,NO,Kaden Elliss,LB,Out
2026,4,NO,Carl Granderson,LB,Out
2026,4,NO,Noah Fant,TE,Questionable
2026,4,NO,Anfernee Jennings,LB,Out
2026,4,NO,Pete Werner,LB,Questionable
2026,4,NYJ,Kingsley Enagbare,DE,Questionable
2026,4,NYJ,Dylan Parham,G,Out
2026,4,NYJ,Breece Hall,RB,Out
2026,4,NYJ,Adonai Mitchell,WR,Out
2026,4,NYJ,Francisco Mauigoa,LB,Out
2026,4,NYJ,Mason Taylor,TE,Out
2026,4,NYJ,Kenyon Sadiq,TE,Questionable
2026,4,PHI,Dallas Goedert,TE,Out
2026,4,PHI,Fred Johnson,T,Out
2026,4,PHI,Marcus Epps,S,Out
2026,4,PHI,Marquise Brown,WR,Out
2026,4,PHI,Zack Baun,LB,Out
2026,4,PHI,DeVonta Smith,WR,Out
2026,4,PIT,Jalen Ramsey,CB,Questionable
2026,4,PIT,Rico Dowdle,RB,Out
2026,4,PIT,Joey Porter Jr.,CB,Out
2026,4,PIT,Yahya Black,DT,Questionable
2026,4,SEA,Chazz Surratt,LB,Questionable
2026,4,SEA,Ty Okada,S,Questionable
2026,4,SEA,Zach Charbonnet,RB,Out
2026,4,SEA,Jadarian Price,RB,Out
2026,4,SF,Mike Evans,WR,Questionable
2026,4,SF,Dre Greenlaw,LB,Questionable
2026,4,SF,Nick Bosa,DE,Out
2026,4,SF,Keion White,DE,Questionable
2026,4,SF,Mykel Williams,DE,Out
2026,4,SF,Jaden Dugger,LB,Questionable
2026,4,SF,James Thompson Jr.,DT,Out
2026,4,TB,Rakeem Nunez-Roches,DT,Questionable
2026,4,TB,Baker Mayfield,QB,Out
2026,4,TB,Ko Kieft,TE,Out
2026,4,TB,SirVocea Dennis,LB,Questionable
2026,4,TB,Jacob Parrish,CB,Questionable
2026,4,TB,Benjamin Morrison,CB,Out
2026,4,TB,Rueben Bain Jr.,LB,Out
2026,4,TEN,Tyjae Spears,RB,Questionable
2026,4,TEN,Kevin Winston Jr.,S,Questionable
2026,4,WAS,Terry McLaurin,WR,Questionable
2026,4,WAS,Sam Cosmi,G,Out
2026,4,WAS,Rachaad White,RB,Out
2026,4,WAS,Nick Cross,S,Out
2026,4,WAS,Percy Butler,S,Questionable
2026,4,WAS,Jayden Daniels,QB,Out
2026,5,DAL,Tyler Smith,G,Questionable
2026,5,DAL,Cobie Durant,CB,Out
2026,5,DAL,DeMarvion Overshown,LB,Out
2026,5,DAL,Jonathan Mingo,WR,Questionable
2026,5,DAL,Drew Shelton,T,Out
2026,5,TB,Baker Mayfield,QB,Out
2026,5,TB,Antoine Winfield Jr.,S,Out
2026,5,TB,SirVocea Dennis,LB,Out
2026,5,TB,Benjamin Morrison,CB,Out
